Workbook

Sheet Tableau de Bord
A1: TABLEAU DE BORD DES ENGAGEMENTS BUDGÉTAIRES 2026 — SNRT
A2: Montants en MAD TTC — calculés dynamiquement (SUMIFS) depuis la feuille « Données »
A3: DIRECTION | B3: FONCTIONNEMENT | H3: INVESTISSEMENT | N3: TOTAL GÉNÉRAL
B4: ENGAGE | C4: PREENGAGE | D4: EN COURS D'ENGAGEMENT | E4: EN COURS DE PREENGAGEMENT | F4: NON ENGAGE | G4: TOTAL FONC. | H4: ENGAGE | I4: PREENGAGE | J4: EN COURS D'ENGAGEMENT | K4: EN COURS DE PREENGAGEMENT | L4: NON ENGAGE | M4: TOTAL INVE.
A5: ARRIYADIA | B5: =SUMIFS(Données!$D$2:$D$599,Données!$A$2:$A$599,$A5,Données!$B$2:$B$599,"FONCTIONNEMENT",Données!$C$2:$C$599,"ENGAGE") | C5: =SUMIFS(Données!$D$2:$D$599,Données!$A$2:$A$599,$A5,Données!$B$2:$B$599,"FONCTIONNEMENT",Données!$C$2:$C$599,"PREENGAGE") | D5: =SUMIFS(Données!$D$2:$D$599,Données!$A$2:$A$599,$A5,Données!$B$2:$B$599,"FONCTIONNEMENT",Données!$C$2:$C$599,"EN COURS D'ENGAGEMENT") | E5: =SUMIFS(Données!$D$2:$D$599,Données!$A$2:$A$599,$A5,Données!$B$2:$B$599,"FONCTIONNEMENT",Données!$C$2:$C$599,"EN COURS DE PREENGAGEMENT") | F5: =SUMIFS(Données!$D$2:$D$599,Données!$A$2:$A$599,$A5,Données!$B$2:$B$599,"FONCTIONNEMENT",Données!$C$2:$C$599,"NON ENGAGE") | G5: =SUM(B5:F5) | H5: =SUMIFS(Données!$D$2:$D$599,Données!$A$2:$A$599,$A5,Données!$B$2:$B$599,"INVESTISSEMENT",Données!$C$2:$C$599,"ENGAGE") | I5: =SUMIFS(Données!$D$2:$D$599,Données!$A$2:$A$599,$A5,Données!$B$2:$B$599,"INVESTISSEMENT",Données!$C$2:$C$599,"PREENGAGE") | J5: =SUMIFS(Données!$D$2:$D$599,Données!$A$2:$A$599,$A5,Données!$B$2:$B$599,"INVESTISSEMENT",Données!$C$2:$C$599,"EN COURS D'ENGAGEMENT") | K5: =SUMIFS(Données!$D$2:$D$599,Données!$A$2:$A$599,$A5,Données!$B$2:$B$599,"INVESTISSEMENT",Données!$C$2:$C$599,"EN COURS DE PREENGAGEMENT") | L5: =SUMIFS(Données!$D$2:$D$599,Données!$A$2:$A$599,$A5,Données!$B$2:$B$599,"INVESTISSEMENT",Données!$C$2:$C$599,"NON ENGAGE") | M5: =SUM(H5:L5) | N5: =G5+M5
A6: ASSADISSA | B6: =SUMIFS(Données!$D$2:$D$599,Données!$A$2:$A$599,$A6,Données!$B$2:$B$599,"FONCTIONNEMENT",Données!$C$2:$C$599,"ENGAGE") | C6: =SUMIFS(Données!$D$2:$D$599,Données!$A$2:$A$599,$A6,Données!$B$2:$B$599,"FONCTIONNEMENT",Données!$C$2:$C$599,"PREENGAGE") | D6: =SUMIFS(Données!$D$2:$D$599,Données!$A$2:$A$599,$A6,Données!$B$2:$B$599,"FONCTIONNEMENT",Données!$C$2:$C$599,"EN COURS D'ENGAGEMENT") | E6: =SUMIFS(Données!$D$2:$D$599,Données!$A$2:$A$599,$A6,Données!$B$2:$B$599,"FONCTIONNEMENT",Données!$C$2:$C$599,"EN COURS DE PREENGAGEMENT") | F6: =SUMIFS(Données!$D$2:$D$599,Données!$A$2:$A$599,$A6,Données!$B$2:$B$599,"FONCTIONNEMENT",Données!$C$2:$C$599,"NON ENGAGE") | G6: =SUM(B6:F6) | H6: =SUMIFS(Données!$D$2:$D$599,Données!$A$2:$A$599,$A6,Données!$B$2:$B$599,"INVESTISSEMENT",Données!$C$2:$C$599,"ENGAGE") | I6: =SUMIFS(Données!$D$2:$D$599,Données!$A$2:$A$599,$A6,Données!$B$2:$B$599,"INVESTISSEMENT",Données!$C$2:$C$599,"PREENGAGE") | J6: =SUMIFS(Données!$D$2:$D$599,Données!$A$2:$A$599,$A6,Données!$B$2:$B$599,"INVESTISSEMENT",Données!$C$2:$C$599,"EN COURS D'ENGAGEMENT") | K6: =SUMIFS(Données!$D$2:$D$599,Données!$A$2:$A$599,$A6,Données!$B$2:$B$599,"INVESTISSEMENT",Données!$C$2:$C$599,"EN COURS DE PREENGAGEMENT") | L6: =SUMIFS(Données!$D$2:$D$599,Données!$A$2:$A$599,$A6,Données!$B$2:$B$599,"INVESTISSEMENT",Données!$C$2:$C$599,"NON ENGAGE") | M6: =SUM(H6:L6) | N6: =G6+M6
A7: DA | B7: =SUMIFS(Données!$D$2:$D$599,Données!$A$2:$A$599,$A7,Données!$B$2:$B$599,"FONCTIONNEMENT",Données!$C$2:$C$599,"ENGAGE") | C7: =SUMIFS(Données!$D$2:$D$599,Données!$A$2:$A$599,$A7,Données!$B$2:$B$599,"FONCTIONNEMENT",Données!$C$2:$C$599,"PREENGAGE") | D7: =SUMIFS(Données!$D$2:$D$599,Données!$A$2:$A$599,$A7,Données!$B$2:$B$599,"FONCTIONNEMENT",Données!$C$2:$C$599,"EN COURS D'ENGAGEMENT") | E7: =SUMIFS(Données!$D$2:$D$599,Données!$A$2:$A$599,$A7,Données!$B$2:$B$599,"FONCTIONNEMENT",Données!$C$2:$C$599,"EN COURS DE PREENGAGEMENT") | F7: =SUMIFS(Données!$D$2:$D$599,Données!$A$2:$A$599,$A7,Données!$B$2:$B$599,"FONCTIONNEMENT",Données!$C$2:$C$599,"NON ENGAGE") | G7: =SUM(B7:F7) | H7: =SUMIFS(Données!$D$2:$D$599,Données!$A$2:$A$599,$A7,Données!$B$2:$B$599,"INVESTISSEMENT",Données!$C$2:$C$599,"ENGAGE") | I7: =SUMIFS(Données!$D$2:$D$599,Données!$A$2:$A$599,$A7,Données!$B$2:$B$599,"INVESTISSEMENT",Données!$C$2:$C$599,"PREENGAGE") | J7: =SUMIFS(Données!$D$2:$D$599,Données!$A$2:$A$599,$A7,Données!$B$2:$B$599,"INVESTISSEMENT",Données!$C$2:$C$599,"EN COURS D'ENGAGEMENT") | K7: =SUMIFS(Données!$D$2:$D$599,Données!$A$2:$A$599,$A7,Données!$B$2:$B$599,"INVESTISSEMENT",Données!$C$2:$C$599,"EN COURS DE PREENGAGEMENT") | L7: =SUMIFS(Données!$D$2:$D$599,Données!$A$2:$A$599,$A7,Données!$B$2:$B$599,"INVESTISSEMENT",Données!$C$2:$C$599,"NON ENGAGE") | M7: =SUM(H7:L7) | N7: =G7+M7
A8: DACG | B8: =SUMIFS(Données!$D$2:$D$599,Données!$A$2:$A$599,$A8,Données!$B$2:$B$599,"FONCTIONNEMENT",Données!$C$2:$C$599,"ENGAGE") | C8: =SUMIFS(Données!$D$2:$D$599,Données!$A$2:$A$599,$A8,Données!$B$2:$B$599,"FONCTIONNEMENT",Données!$C$2:$C$599,"PREENGAGE") | D8: =SUMIFS(Données!$D$2:$D$599,Données!$A$2:$A$599,$A8,Données!$B$2:$B$599,"FONCTIONNEMENT",Données!$C$2:$C$599,"EN COURS D'ENGAGEMENT") | E8: =SUMIFS(Données!$D$2:$D$599,Données!$A$2:$A$599,$A8,Données!$B$2:$B$599,"FONCTIONNEMENT",Données!$C$2:$C$599,"EN COURS DE PREENGAGEMENT") | F8: =SUMIFS(Données!$D$2:$D$599,Données!$A$2:$A$599,$A8,Données!$B$2:$B$599,"FONCTIONNEMENT",Données!$C$2:$C$599,"NON ENGAGE") | G8: =SUM(B8:F8) | H8: =SUMIFS(Données!$D$2:$D$599,Données!$A$2:$A$599,$A8,Données!$B$2:$B$599,"INVESTISSEMENT",Données!$C$2:$C$599,"ENGAGE") | I8: =SUMIFS(Données!$D$2:$D$599,Données!$A$2:$A$599,$A8,Données!$B$2:$B$599,"INVESTISSEMENT",Données!$C$2:$C$599,"PREENGAGE") | J8: =SUMIFS(Données!$D$2:$D$599,Données!$A$2:$A$599,$A8,Données!$B$2:$B$599,"INVESTISSEMENT",Données!$C$2:$C$599,"EN COURS D'ENGAGEMENT") | K8: =SUMIFS(Données!$D$2:$D$599,Données!$A$2:$A$599,$A8,Données!$B$2:$B$599,"INVESTISSEMENT",Données!$C$2:$C$599,"EN COURS DE PREENGAGEMENT") | L8: =SUMIFS(Données!$D$2:$D$599,Données!$A$2:$A$599,$A8,Données!$B$2:$B$599,"INVESTISSEMENT",Données!$C$2:$C$599,"NON ENGAGE") | M8: =SUM(H8:L8) | N8: =G8+M8
A9: DAR | B9: =SUMIFS(Données!$D$2:$D$599,Données!$A$2:$A$599,$A9,Données!$B$2:$B$599,"FONCTIONNEMENT",Données!$C$2:$C$599,"ENGAGE") | C9: =SUMIFS(Données!$D$2:$D$599,Données!$A$2:$A$599,$A9,Données!$B$2:$B$599,"FONCTIONNEMENT",Données!$C$2:$C$599,"PREENGAGE") | D9: =SUMIFS(Données!$D$2:$D$599,Données!$A$2:$A$599,$A9,Données!$B$2:$B$599,"FONCTIONNEMENT",Données!$C$2:$C$599,"EN COURS D'ENGAGEMENT") | E9: =SUMIFS(Données!$D$2:$D$599,Données!$A$2:$A$599,$A9,Données!$B$2:$B$599,"FONCTIONNEMENT",Données!$C$2:$C$599,"EN COURS DE PREENGAGEMENT") | F9: =SUMIFS(Données!$D$2:$D$599,Données!$A$2:$A$599,$A9,Données!$B$2:$B$599,"FONCTIONNEMENT",Données!$C$2:$C$599,"NON ENGAGE") | G9: =SUM(B9:F9) | H9: =SUMIFS(Données!$D$2:$D$599,Données!$A$2:$A$599,$A9,Données!$B$2:$B$599,"INVESTISSEMENT",Données!$C$2:$C$599,"ENGAGE") | I9: =SUMIFS(Données!$D$2:$D$599,Données!$A$2:$A$599,$A9,Données!$B$2:$B$599,"INVESTISSEMENT",Données!$C$2:$C$599,"PREENGAGE") | J9: =SUMIFS(Données!$D$2:$D$599,Données!$A$2:$A$599,$A9,Données!$B$2:$B$599,"INVESTISSEMENT",Données!$C$2:$C$599,"EN COURS D'ENGAGEMENT") | K9: =SUMIFS(Données!$D$2:$D$599,Données!$A$2:$A$599,$A9,Données!$B$2:$B$599,"INVESTISSEMENT",Données!$C$2:$C$599,"EN COURS DE PREENGAGEMENT") | L9: =SUMIFS(Données!$D$2:$D$599,Données!$A$2:$A$599,$A9,Données!$B$2:$B$599,"INVESTISSEMENT",Données!$C$2:$C$599,"NON ENGAGE") | M9: =SUM(H9:L9) | N9: =G9+M9
A10: DCPA | B10: =SUMIFS(Données!$D$2:$D$599,Données!$A$2:$A$599,$A10,Données!$B$2:$B$599,"FONCTIONNEMENT",Données!$C$2:$C$599,"ENGAGE") | C10: =SUMIFS(Données!$D$2:$D$599,Données!$A$2:$A$599,$A10,Données!$B$2:$B$599,"FONCTIONNEMENT",Données!$C$2:$C$599,"PREENGAGE") | D10: =SUMIFS(Données!$D$2:$D$599,Données!$A$2:$A$599,$A10,Données!$B$2:$B$599,"FONCTIONNEMENT",Données!$C$2:$C$599,"EN COURS D'ENGAGEMENT") | E10: =SUMIFS(Données!$D$2:$D$599,Données!$A$2:$A$599,$A10,Données!$B$2:$B$599,"FONCTIONNEMENT",Données!$C$2:$C$599,"EN COURS DE PREENGAGEMENT") | F10: =SUMIFS(Données!$D$2:$D$599,Données!$A$2:$A$599,$A10,Données!$B$2:$B$599,"FONCTIONNEMENT",Données!$C$2:$C$599,"NON ENGAGE") | G10: =SUM(B10:F10) | H10: =SUMIFS(Données!$D$2:$D$599,Données!$A$2:$A$599,$A10,Données!$B$2:$B$599,"INVESTISSEMENT",Données!$C$2:$C$599,"ENGAGE") | I10: =SUMIFS(Données!$D$2:$D$599,Données!$A$2:$A$599,$A10,Données!$B$2:$B$599,"INVESTISSEMENT",Données!$C$2:$C$599,"PREENGAGE") | J10: =SUMIFS(Données!$D$2:$D$599,Données!$A$2:$A$599,$A10,Données!$B$2:$B$599,"INVESTISSEMENT",Données!$C$2:$C$599,"EN COURS D'ENGAGEMENT") | K10: =SUMIFS(Données!$D$2:$D$599,Données!$A$2:$A$599,$A10,Données!$B$2:$B$599,"INVESTISSEMENT",Données!$C$2:$C$599,"EN COURS DE PREENGAGEMENT") | L10: =SUMIFS(Données!$D$2:$D$599,Données!$A$2:$A$599,$A10,Données!$B$2:$B$599,"INVESTISSEMENT",Données!$C$2:$C$599,"NON ENGAGE") | M10: =SUM(H10:L10) | N10: =G10+M10
A11: DCRI | B11: =SUMIFS(Données!$D$2:$D$599,Données!$A$2:$A$599,$A11,Données!$B$2:$B$599,"FONCTIONNEMENT",Données!$C$2:$C$599,"ENGAGE") | C11: =SUMIFS(Données!$D$2:$D$599,Données!$A$2:$A$599,$A11,Données!$B$2:$B$599,"FONCTIONNEMENT",Données!$C$2:$C$599,"PREENGAGE") | D11: =SUMIFS(Données!$D$2:$D$599,Données!$A$2:$A$599,$A11,Données!$B$2:$B$599,"FONCTIONNEMENT",Données!$C$2:$C$599,"EN COURS D'ENGAGEMENT") | E11: =SUMIFS(Données!$D$2:$D$599,Données!$A$2:$A$599,$A11,Données!$B$2:$B$599,"FONCTIONNEMENT",Données!$C$2:$C$599,"EN COURS DE PREENGAGEMENT") | F11: =SUMIFS(Données!$D$2:$D$599,Données!$A$2:$A$599,$A11,Données!$B$2:$B$599,"FONCTIONNEMENT",Données!$C$2:$C$599,"NON ENGAGE") | G11: =SUM(B11:F11) | H11: =SUMIFS(Données!$D$2:$D$599,Données!$A$2:$A$599,$A11,Données!$B$2:$B$599,"INVESTISSEMENT",Données!$C$2:$C$599,"ENGAGE") | I11: =SUMIFS(Données!$D$2:$D$599,Données!$A$2:$A$599,$A11,Données!$B$2:$B$599,"INVESTISSEMENT",Données!$C$2:$C$599,"PREENGAGE") | J11: =SUMIFS(Données!$D$2:$D$599,Données!$A$2:$A$599,$A11,Données!$B$2:$B$599,"INVESTISSEMENT",Données!$C$2:$C$599,"EN COURS D'ENGAGEMENT") | K11: =SUMIFS(Données!$D$2:$D$599,Données!$A$2:$A$599,$A11,Données!$B$2:$B$599,"INVESTISSEMENT",Données!$C$2:$C$599,"EN COURS DE PREENGAGEMENT") | L11: =SUMIFS(Données!$D$2:$D$599,Données!$A$2:$A$599,$A11,Données!$B$2:$B$599,"INVESTISSEMENT",Données!$C$2:$C$599,"NON ENGAGE") | M11: =SUM(H11:L11) | N11: =G11+M11
A12: DG | B12: =SUMIFS(Données!$D$2:$D$599,Données!$A$2:$A$599,$A12,Données!$B$2:$B$599,"FONCTIONNEMENT",Données!$C$2:$C$599,"ENGAGE") | C12: =SUMIFS(Données!$D$2:$D$599,Données!$A$2:$A$599,$A12,Données!$B$2:$B$599,"FONCTIONNEMENT",Données!$C$2:$C$599,"PREENGAGE") | D12: =SUMIFS(Données!$D$2:$D$599,Données!$A$2:$A$599,$A12,Données!$B$2:$B$599,"FONCTIONNEMENT",Données!$C$2:$C$599,"EN COURS D'ENGAGEMENT") | E12: =SUMIFS(Données!$D$2:$D$599,Données!$A$2:$A$599,$A12,Données!$B$2:$B$599,"FONCTIONNEMENT",Données!$C$2:$C$599,"EN COURS DE PREENGAGEMENT") | F12: =SUMIFS(Données!$D$2:$D$599,Données!$A$2:$A$599,$A12,Données!$B$2:$B$599,"FONCTIONNEMENT",Données!$C$2:$C$599,"NON ENGAGE") | G12: =SUM(B12:F12) | H12: =SUMIFS(Données!$D$2:$D$599,Données!$A$2:$A$599,$A12,Données!$B$2:$B$599,"INVESTISSEMENT",Données!$C$2:$C$599,"ENGAGE") | I12: =SUMIFS(Données!$D$2:$D$599,Données!$A$2:$A$599,$A12,Données!$B$2:$B$599,"INVESTISSEMENT",Données!$C$2:$C$599,"PREENGAGE") | J12: =SUMIFS(Données!$D$2:$D$599,Données!$A$2:$A$599,$A12,Données!$B$2:$B$599,"INVESTISSEMENT",Données!$C$2:$C$599,"EN COURS D'ENGAGEMENT") | K12: =SUMIFS(Données!$D$2:$D$599,Données!$A$2:$A$599,$A12,Données!$B$2:$B$599,"INVESTISSEMENT",Données!$C$2:$C$599,"EN COURS DE PREENGAGEMENT") | L12: =SUMIFS(Données!$D$2:$D$599,Données!$A$2:$A$599,$A12,Données!$B$2:$B$599,"INVESTISSEMENT",Données!$C$2:$C$599,"NON ENGAGE") | M12: =SUM(H12:L12) | N12: =G12+M12
A13: DINFORADIO | B13: =SUMIFS(Données!$D$2:$D$599,Données!$A$2:$A$599,$A13,Données!$B$2:$B$599,"FONCTIONNEMENT",Données!$C$2:$C$599,"ENGAGE") | C13: =SUMIFS(Données!$D$2:$D$599,Données!$A$2:$A$599,$A13,Données!$B$2:$B$599,"FONCTIONNEMENT",Données!$C$2:$C$599,"PREENGAGE") | D13: =SUMIFS(Données!$D$2:$D$599,Données!$A$2:$A$599,$A13,Données!$B$2:$B$599,"FONCTIONNEMENT",Données!$C$2:$C$599,"EN COURS D'ENGAGEMENT") | E13: =SUMIFS(Données!$D$2:$D$599,Données!$A$2:$A$599,$A13,Données!$B$2:$B$599,"FONCTIONNEMENT",Données!$C$2:$C$599,"EN COURS DE PREENGAGEMENT") | F13: =SUMIFS(Données!$D$2:$D$599,Données!$A$2:$A$599,$A13,Données!$B$2:$B$599,"FONCTIONNEMENT",Données!$C$2:$C$599,"NON ENGAGE") | G13: =SUM(B13:F13) | H13: =SUMIFS(Données!$D$2:$D$599,Données!$A$2:$A$599,$A13,Données!$B$2:$B$599,"INVESTISSEMENT",Données!$C$2:$C$599,"ENGAGE") | I13: =SUMIFS(Données!$D$2:$D$599,Données!$A$2:$A$599,$A13,Données!$B$2:$B$599,"INVESTISSEMENT",Données!$C$2:$C$599,"PREENGAGE") | J13: =SUMIFS(Données!$D$2:$D$599,Données!$A$2:$A$599,$A13,Données!$B$2:$B$599,"INVESTISSEMENT",Données!$C$2:$C$599,"EN COURS D'ENGAGEMENT") | K13: =SUMIFS(Données!$D$2:$D$599,Données!$A$2:$A$599,$A13,Données!$B$2:$B$599,"INVESTISSEMENT",Données!$C$2:$C$599,"EN COURS DE PREENGAGEMENT") | L13: =SUMIFS(Données!$D$2:$D$599,Données!$A$2:$A$599,$A13,Données!$B$2:$B$599,"INVESTISSEMENT",Données!$C$2:$C$599,"NON ENGAGE") | M13: =SUM(H13:L13) | N13: =G13+M13
A14: DINFOTV | B14: =SUMIFS(Données!$D$2:$D$599,Données!$A$2:$A$599,$A14,Données!$B$2:$B$599,"FONCTIONNEMENT",Données!$C$2:$C$599,"ENGAGE") | C14: =SUMIFS(Données!$D$2:$D$599,Données!$A$2:$A$599,$A14,Données!$B$2:$B$599,"FONCTIONNEMENT",Données!$C$2:$C$599,"PREENGAGE") | D14: =SUMIFS(Données!$D$2:$D$599,Données!$A$2:$A$599,$A14,Données!$B$2:$B$599,"FONCTIONNEMENT",Données!$C$2:$C$599,"EN COURS D'ENGAGEMENT") | E14: =SUMIFS(Données!$D$2:$D$599,Données!$A$2:$A$599,$A14,Données!$B$2:$B$599,"FONCTIONNEMENT",Données!$C$2:$C$599,"EN COURS DE PREENGAGEMENT") | F14: =SUMIFS(Données!$D$2:$D$599,Données!$A$2:$A$599,$A14,Données!$B$2:$B$599,"FONCTIONNEMENT",Données!$C$2:$C$599,"NON ENGAGE") | G14: =SUM(B14:F14) | H14: =SUMIFS(Données!$D$2:$D$599,Données!$A$2:$A$599,$A14,Données!$B$2:$B$599,"INVESTISSEMENT",Données!$C$2:$C$599,"ENGAGE") | I14: =SUMIFS(Données!$D$2:$D$599,Données!$A$2:$A$599,$A14,Données!$B$2:$B$599,"INVESTISSEMENT",Données!$C$2:$C$599,"PREENGAGE") | J14: =SUMIFS(Données!$D$2:$D$599,Données!$A$2:$A$599,$A14,Données!$B$2:$B$599,"INVESTISSEMENT",Données!$C$2:$C$599,"EN COURS D'ENGAGEMENT") | K14: =SUMIFS(Données!$D$2:$D$599,Données!$A$2:$A$599,$A14,Données!$B$2:$B$599,"INVESTISSEMENT",Données!$C$2:$C$599,"EN COURS DE PREENGAGEMENT") | L14: =SUMIFS(Données!$D$2:$D$599,Données!$A$2:$A$599,$A14,Données!$B$2:$B$599,"INVESTISSEMENT",Données!$C$2:$C$599,"NON ENGAGE") | M14: =SUM(H14:L14) | N14: =G14+M14
A15: DJURIDIQUE | B15: =SUMIFS(Données!$D$2:$D$599,Données!$A$2:$A$599,$A15,Données!$B$2:$B$599,"FONCTIONNEMENT",Données!$C$2:$C$599,"ENGAGE") | C15: =SUMIFS(Données!$D$2:$D$599,Données!$A$2:$A$599,$A15,Données!$B$2:$B$599,"FONCTIONNEMENT",Données!$C$2:$C$599,"PREENGAGE") | D15: =SUMIFS(Données!$D$2:$D$599,Données!$A$2:$A$599,$A15,Données!$B$2:$B$599,"FONCTIONNEMENT",Données!$C$2:$C$599,"EN COURS D'ENGAGEMENT") | E15: =SUMIFS(Données!$D$2:$D$599,Données!$A$2:$A$599,$A15,Données!$B$2:$B$599,"FONCTIONNEMENT",Données!$C$2:$C$599,"EN COURS DE PREENGAGEMENT") | F15: =SUMIFS(Données!$D$2:$D$599,Données!$A$2:$A$599,$A15,Données!$B$2:$B$599,"FONCTIONNEMENT",Données!$C$2:$C$599,"NON ENGAGE") | G15: =SUM(B15:F15) | H15: =SUMIFS(Données!$D$2:$D$599,Données!$A$2:$A$599,$A15,Données!$B$2:$B$599,"INVESTISSEMENT",Données!$C$2:$C$599,"ENGAGE") | I15: =SUMIFS(Données!$D$2:$D$599,Données!$A$2:$A$599,$A15,Données!$B$2:$B$599,"INVESTISSEMENT",Données!$C$2:$C$599,"PREENGAGE") | J15: =SUMIFS(Données!$D$2:$D$599,Données!$A$2:$A$599,$A15,Données!$B$2:$B$599,"INVESTISSEMENT",Données!$C$2:$C$599,"EN COURS D'ENGAGEMENT") | K15: =SUMIFS(Données!$D$2:$D$599,Données!$A$2:$A$599,$A15,Données!$B$2:$B$599,"INVESTISSEMENT",Données!$C$2:$C$599,"EN COURS DE PREENGAGEMENT") | L15: =SUMIFS(Données!$D$2:$D$599,Données!$A$2:$A$599,$A15,Données!$B$2:$B$599,"INVESTISSEMENT",Données!$C$2:$C$599,"NON ENGAGE") | M15: =SUM(H15:L15) | N15: =G15+M15
A16: DMPTV | B16: =SUMIFS(Données!$D$2:$D$599,Données!$A$2:$A$599,$A16,Données!$B$2:$B$599,"FONCTIONNEMENT",Données!$C$2:$C$599,"ENGAGE") | C16: =SUMIFS(Données!$D$2:$D$599,Données!$A$2:$A$599,$A16,Données!$B$2:$B$599,"FONCTIONNEMENT",Données!$C$2:$C$599,"PREENGAGE") | D16: =SUMIFS(Données!$D$2:$D$599,Données!$A$2:$A$599,$A16,Données!$B$2:$B$599,"FONCTIONNEMENT",Données!$C$2:$C$599,"EN COURS D'ENGAGEMENT") | E16: =SUMIFS(Données!$D$2:$D$599,Données!$A$2:$A$599,$A16,Données!$B$2:$B$599,"FONCTIONNEMENT",Données!$C$2:$C$599,"EN COURS DE PREENGAGEMENT") | F16: =SUMIFS(Données!$D$2:$D$599,Données!$A$2:$A$599,$A16,Données!$B$2:$B$599,"FONCTIONNEMENT",Données!$C$2:$C$599,"NON ENGAGE") | G16: =SUM(B16:F16) | H16: =SUMIFS(Données!$D$2:$D$599,Données!$A$2:$A$599,$A16,Données!$B$2:$B$599,"INVESTISSEMENT",Données!$C$2:$C$599,"ENGAGE") | I16: =SUMIFS(Données!$D$2:$D$599,Données!$A$2:$A$599,$A16,Données!$B$2:$B$599,"INVESTISSEMENT",Données!$C$2:$C$599,"PREENGAGE") | J16: =SUMIFS(Données!$D$2:$D$599,Données!$A$2:$A$599,$A16,Données!$B$2:$B$599,"INVESTISSEMENT",Données!$C$2:$C$599,"EN COURS D'ENGAGEMENT") | K16: =SUMIFS(Données!$D$2:$D$599,Données!$A$2:$A$599,$A16,Données!$B$2:$B$599,"INVESTISSEMENT",Données!$C$2:$C$599,"EN COURS DE PREENGAGEMENT") | L16: =SUMIFS(Données!$D$2:$D$599,Données!$A$2:$A$599,$A16,Données!$B$2:$B$599,"INVESTISSEMENT",Données!$C$2:$C$599,"NON ENGAGE") | M16: =SUM(H16:L16) | N16: =G16+M16
... A26: TV LAAYOUNE | B26: =SUMIFS(Données!$D$2:$D$599,Données!$A$2:$A$599,$A26,Données!$B$2:$B$599,"FONCTIONNEMENT",Données!$C$2:$C$599,"ENGAGE") | C26: =SUMIFS(Données!$D$2:$D$599,Données!$A$2:$A$599,$A26,Données!$B$2:$B$599,"FONCTIONNEMENT",Données!$C$2:$C$599,"PREENGAGE") | D26: =SUMIFS(Données!$D$2:$D$599,Données!$A$2:$A$599,$A26,Données!$B$2:$B$599,"FONCTIONNEMENT",Données!$C$2:$C$599,"EN COURS D'ENGAGEMENT") | E26: =SUMIFS(Données!$D$2:$D$599,Données!$A$2:$A$599,$A26,Données!$B$2:$B$599,"FONCTIONNEMENT",Données!$C$2:$C$599,"EN COURS DE PREENGAGEMENT") | F26: =SUMIFS(Données!$D$2:$D$599,Données!$A$2:$A$599,$A26,Données!$B$2:$B$599,"FONCTIONNEMENT",Données!$C$2:$C$599,"NON ENGAGE") | G26: =SUM(B26:F26) | H26: =SUMIFS(Données!$D$2:$D$599,Données!$A$2:$A$599,$A26,Données!$B$2:$B$599,"INVESTISSEMENT",Données!$C$2:$C$599,"ENGAGE") | I26: =SUMIFS(Données!$D$2:$D$599,Données!$A$2:$A$599,$A26,Données!$B$2:$B$599,"INVESTISSEMENT",Données!$C$2:$C$599,"PREENGAGE") | J26: =SUMIFS(Données!$D$2:$D$599,Données!$A$2:$A$599,$A26,Données!$B$2:$B$599,"INVESTISSEMENT",Données!$C$2:$C$599,"EN COURS D'ENGAGEMENT") | K26: =SUMIFS(Données!$D$2:$D$599,Données!$A$2:$A$599,$A26,Données!$B$2:$B$599,"INVESTISSEMENT",Données!$C$2:$C$599,"EN COURS DE PREENGAGEMENT") | L26: =SUMIFS(Données!$D$2:$D$599,Données!$A$2:$A$599,$A26,Données!$B$2:$B$599,"INVESTISSEMENT",Données!$C$2:$C$599,"NON ENGAGE") | M26: =SUM(H26:L26) | N26: =G26+M26
A27: TOTAL GÉNÉRAL | B27: =SUM(B5:B26) | C27: =SUM(C5:C26) | D27: =SUM(D5:D26) | E27: =SUM(E5:E26) | F27: =SUM(F5:F26) | G27: =SUM(G5:G26) | H27: =SUM(H5:H26) | I27: =SUM(I5:I26) | ... N27: =SUM(N5:N26)

Sheet Données
A1: DIRECTION | B1: NATURE | C1: STATUT ENGAGEMENT | D1: MONTANT TTC (MAD)
A2: DRH | B2: FONCTIONNEMENT | C2: ENGAGE | D2: 995042.4
A3: DCPA | B3: FONCTIONNEMENT | C3: ENGAGE | D3: 154000
A4: DCPA | B4: FONCTIONNEMENT | C4: ENGAGE | D4: 375000
A5: DCPA | B5: FONCTIONNEMENT | C5: ENGAGE | D5: 445714.08
A6: DCPA | B6: FONCTIONNEMENT | C6: ENGAGE | D6: 880000
A7: DCPA | B7: FONCTIONNEMENT | C7: ENGAGE | D7: 176000
A8: DCPA | B8: FONCTIONNEMENT | C8: ENGAGE | D8: 342857
A9: ARRIYADIA | B9: FONCTIONNEMENT | C9: ENGAGE | D9: 113142.48
A10: ARRIYADIA | B10: FONCTIONNEMENT | C10: ENGAGE | D10: 113142.48
A11: ARRIYADIA | B11: FONCTIONNEMENT | C11: ENGAGE | D11: 113142.48
A12: ARRIYADIA | B12: FONCTIONNEMENT | C12: ENGAGE | D12: 113142.48
A13: ARRIYADIA | B13: FONCTIONNEMENT | C13: ENGAGE | D13: 113142.48
... A599: TDF -SITES | B599: INVESTISSEMENT | C599: EN COURS DE PREENGAGEMENT | D599: 86400
