Workbook
Name LST_Nature: 'Referentiels'!$A$2:$A$5
Name LST_NatureBudget: 'Referentiels'!$B$2:$B$3
Name LST_Mode: 'Referentiels'!$C$2:$C$7
Name LST_ModeProd: 'Referentiels'!$D$2:$D$6
Name LST_Trimestre: 'Referentiels'!$E$2:$E$5
Name LST_Duree: 'Referentiels'!$F$2:$F$5
Name LST_PME: 'Referentiels'!$G$2:$G$3
Name LST_Freq: 'Referentiels'!$H$2:$H$7
Name LST_TypeProd: 'Referentiels'!$I$2:$I$5

Sheet Controle
B2: CONTRÔLE DE COHÉRENCE — PPA 2026 — TV LAAYOUNE
B4: À vérifier AVANT envoi. Dans les onglets, une cellule ROUGE = information obligatoire manquante ou montant non numérique.
B6: Onglet | C6: Lignes saisies | D6: Total budget (MAD) | E6: Lignes incomplètes | F6: Montants non numériques
B7: Marches | C7: =COUNTA('Marches'!$C$4:$C$253) | D7: =SUM('Marches'!$F$4:$F$253) | E7: =SUMPRODUCT(('Marches'!$C$4:$C$253<>"")*(('Marches'!$D$4:$D$253="")+('Marches'!$G$4:$G$253="")+('Marches'!$H$4:$H$253="")+('Marches'!$I$4:$I$253="")+('Marches'!$M$4:$M$253="")>0)) | F7: =SUMPRODUCT(('Marches'!$C$4:$C$253<>"")*(NOT(ISNUMBER('Marches'!$F$4:$F$253)))*1)
B8: Bons de commande | C8: =COUNTA('Bons de commande'!$C$4:$C$253) | D8: =SUM('Bons de commande'!$F$4:$F$253) | E8: =SUMPRODUCT(('Bons de commande'!$C$4:$C$253<>"")*(('Bons de commande'!$D$4:$D$253="")+('Bons de commande'!$G$4:$G$253="")+('Bons de commande'!$H$4:$H$253="")+('Bons de commande'!$I$4:$I$253="")+('Bons de commande'!$M$4:$M$253="")>0)) | F8: =SUMPRODUCT(('Bons de commande'!$C$4:$C$253<>"")*(NOT(ISNUMBER('Bons de commande'!$F$4:$F$253)))*1)
B9: Contrats-Conventions | C9: =COUNTA('Contrats-Conventions'!$C$4:$C$253) | D9: =SUM('Contrats-Conventions'!$F$4:$F$253) | E9: =SUMPRODUCT(('Contrats-Conventions'!$C$4:$C$253<>"")*(('Contrats-Conventions'!$D$4:$D$253="")+('Contrats-Conventions'!$G$4:$G$253="")+('Contrats-Conventions'!$H$4:$H$253="")+('Contrats-Conventions'!$I$4:$I$253="")+('Contrats-Conventions'!$M$4:$M$253="")>0)) | F9: =SUMPRODUCT(('Contrats-Conventions'!$C$4:$C$253<>"")*(NOT(ISNUMBER('Contrats-Conventions'!$F$4:$F$253)))*1)
B10: Contrats prod | C10: =COUNTA('Contrats prod'!$C$4:$C$253) | D10: =SUM('Contrats prod'!$F$4:$F$253) | E10: =SUMPRODUCT(('Contrats prod'!$C$4:$C$253<>"")*(('Contrats prod'!$D$4:$D$253="")+('Contrats prod'!$G$4:$G$253="")+('Contrats prod'!$H$4:$H$253="")+('Contrats prod'!$I$4:$I$253="")+('Contrats prod'!$M$4:$M$253="")>0)) | F10: =SUMPRODUCT(('Contrats prod'!$C$4:$C$253<>"")*(NOT(ISNUMBER('Contrats prod'!$F$4:$F$253)))*1)
B11: TOTAL | C11: =SUM(C7:C10) | D11: =SUM(D7:D10) | E11: =SUM(E7:E10) | F11: =SUM(F7:F10)
B13: STATUT | C13: =IF(AND(E11=0,F11=0,C11>0),"PRÊT À ENVOYER","INCOMPLET — à corriger")

Sheet Marches
A1: PROGRAMME PRÉVISIONNEL DES ACHATS (PPA) 2026 | L1: ANNÉE | M1: 2026
A2: DIRECTION : | B2: TV LAAYOUNE | D2: Onglet : | E2: Marché
A3: N° | B3: Type de support d'engagement * | C3: Objet (le plus détaillé possible) * | D3: Nature de la prestation * | E3: Rubrique budgétaire / Intitulé | F3: Budget prévisionnel TTC (MAD) * | G3: Nature du budget * | H3: Mode de passation * | I3: Trimestre de lancement * | J3: Durée d'exécution | K3: Lieu d'exécution | L3: PME (marché réservé) | M3: Justification du besoin *
A4: =IF($C4="","",COUNTA($C$4:$C4)) | B4: =IF($C4="","","Marché")
A5: =IF($C5="","",COUNTA($C$4:$C5)) | B5: =IF($C5="","","Marché")
A6: =IF($C6="","",COUNTA($C$4:$C6)) | B6: =IF($C6="","","Marché")
A7: =IF($C7="","",COUNTA($C$4:$C7)) | B7: =IF($C7="","","Marché")
A8: =IF($C8="","",COUNTA($C$4:$C8)) | B8: =IF($C8="","","Marché")
A9: =IF($C9="","",COUNTA($C$4:$C9)) | B9: =IF($C9="","","Marché")
A10: =IF($C10="","",COUNTA($C$4:$C10)) | B10: =IF($C10="","","Marché")
A11: =IF($C11="","",COUNTA($C$4:$C11)) | B11: =IF($C11="","","Marché")
A12: =IF($C12="","",COUNTA($C$4:$C12)) | B12: =IF($C12="","","Marché")
A13: =IF($C13="","",COUNTA($C$4:$C13)) | B13: =IF($C13="","","Marché")
A14: =IF($C14="","",COUNTA($C$4:$C14)) | B14: =IF($C14="","","Marché")
A15: =IF($C15="","",COUNTA($C$4:$C15)) | B15: =IF($C15="","","Marché")
... A253: =IF($C253="","",COUNTA($C$4:$C253)) | B253: =IF($C253="","","Marché")

Sheet Bons de commande
A1: PROGRAMME PRÉVISIONNEL DES ACHATS (PPA) 2026 | L1: ANNÉE | M1: 2026
A2: DIRECTION : | B2: TV LAAYOUNE | D2: Onglet : | E2: Bon de commande
A3: N° | B3: Type de support d'engagement * | C3: Objet (le plus détaillé possible) * | D3: Nature de la prestation * | E3: Rubrique budgétaire / Intitulé | F3: Budget prévisionnel TTC (MAD) * | G3: Nature du budget * | H3: Mode de passation * | I3: Trimestre de lancement * | J3: Durée d'exécution | K3: Lieu d'exécution | L3: PME (marché réservé) | M3: Justification du besoin *
A4: =IF($C4="","",COUNTA($C$4:$C4)) | B4: =IF($C4="","","Bon de commande") | H4: =IF($C4="","","Bon de commande")
A5: =IF($C5="","",COUNTA($C$4:$C5)) | B5: =IF($C5="","","Bon de commande") | H5: =IF($C5="","","Bon de commande")
A6: =IF($C6="","",COUNTA($C$4:$C6)) | B6: =IF($C6="","","Bon de commande") | H6: =IF($C6="","","Bon de commande")
A7: =IF($C7="","",COUNTA($C$4:$C7)) | B7: =IF($C7="","","Bon de commande") | H7: =IF($C7="","","Bon de commande")
A8: =IF($C8="","",COUNTA($C$4:$C8)) | B8: =IF($C8="","","Bon de commande") | H8: =IF($C8="","","Bon de commande")
A9: =IF($C9="","",COUNTA($C$4:$C9)) | B9: =IF($C9="","","Bon de commande") | H9: =IF($C9="","","Bon de commande")
A10: =IF($C10="","",COUNTA($C$4:$C10)) | B10: =IF($C10="","","Bon de commande") | H10: =IF($C10="","","Bon de commande")
A11: =IF($C11="","",COUNTA($C$4:$C11)) | B11: =IF($C11="","","Bon de commande") | H11: =IF($C11="","","Bon de commande")
A12: =IF($C12="","",COUNTA($C$4:$C12)) | B12: =IF($C12="","","Bon de commande") | H12: =IF($C12="","","Bon de commande")
A13: =IF($C13="","",COUNTA($C$4:$C13)) | B13: =IF($C13="","","Bon de commande") | H13: =IF($C13="","","Bon de commande")
A14: =IF($C14="","",COUNTA($C$4:$C14)) | B14: =IF($C14="","","Bon de commande") | H14: =IF($C14="","","Bon de commande")
A15: =IF($C15="","",COUNTA($C$4:$C15)) | B15: =IF($C15="","","Bon de commande") | H15: =IF($C15="","","Bon de commande")
... A253: =IF($C253="","",COUNTA($C$4:$C253)) | B253: =IF($C253="","","Bon de commande") | H253: =IF($C253="","","Bon de commande")

Sheet Contrats-Conventions
A1: PROGRAMME PRÉVISIONNEL DES ACHATS (PPA) 2026 | L1: ANNÉE | M1: 2026
A2: DIRECTION : | B2: TV LAAYOUNE | D2: Onglet : | E2: Contrat ou convention de droit commun
A3: N° | B3: Type de support d'engagement * | C3: Objet (le plus détaillé possible) * | D3: Nature de la prestation * | E3: Rubrique budgétaire / Intitulé | F3: Budget prévisionnel TTC (MAD) * | G3: Nature du budget * | H3: Mode de passation * | I3: Trimestre de lancement * | J3: Durée d'exécution | K3: Lieu d'exécution | L3: PME (marché réservé) | M3: Justification du besoin *
A4: =IF($C4="","",COUNTA($C$4:$C4)) | B4: =IF($C4="","","Contrat ou convention de droit commun") | H4: =IF($C4="","","Contrat ou convention de droit commun")
A5: =IF($C5="","",COUNTA($C$4:$C5)) | B5: =IF($C5="","","Contrat ou convention de droit commun") | H5: =IF($C5="","","Contrat ou convention de droit commun")
A6: =IF($C6="","",COUNTA($C$4:$C6)) | B6: =IF($C6="","","Contrat ou convention de droit commun") | H6: =IF($C6="","","Contrat ou convention de droit commun")
A7: =IF($C7="","",COUNTA($C$4:$C7)) | B7: =IF($C7="","","Contrat ou convention de droit commun") | H7: =IF($C7="","","Contrat ou convention de droit commun")
A8: =IF($C8="","",COUNTA($C$4:$C8)) | B8: =IF($C8="","","Contrat ou convention de droit commun") | H8: =IF($C8="","","Contrat ou convention de droit commun")
A9: =IF($C9="","",COUNTA($C$4:$C9)) | B9: =IF($C9="","","Contrat ou convention de droit commun") | H9: =IF($C9="","","Contrat ou convention de droit commun")
A10: =IF($C10="","",COUNTA($C$4:$C10)) | B10: =IF($C10="","","Contrat ou convention de droit commun") | H10: =IF($C10="","","Contrat ou convention de droit commun")
A11: =IF($C11="","",COUNTA($C$4:$C11)) | B11: =IF($C11="","","Contrat ou convention de droit commun") | H11: =IF($C11="","","Contrat ou convention de droit commun")
A12: =IF($C12="","",COUNTA($C$4:$C12)) | B12: =IF($C12="","","Contrat ou convention de droit commun") | H12: =IF($C12="","","Contrat ou convention de droit commun")
A13: =IF($C13="","",COUNTA($C$4:$C13)) | B13: =IF($C13="","","Contrat ou convention de droit commun") | H13: =IF($C13="","","Contrat ou convention de droit commun")
A14: =IF($C14="","",COUNTA($C$4:$C14)) | B14: =IF($C14="","","Contrat ou convention de droit commun") | H14: =IF($C14="","","Contrat ou convention de droit commun")
A15: =IF($C15="","",COUNTA($C$4:$C15)) | B15: =IF($C15="","","Contrat ou convention de droit commun") | H15: =IF($C15="","","Contrat ou convention de droit commun")
... A253: =IF($C253="","",COUNTA($C$4:$C253)) | B253: =IF($C253="","","Contrat ou convention de droit commun") | H253: =IF($C253="","","Contrat ou convention de droit commun")

Sheet Contrats prod
A1: PROGRAMME PRÉVISIONNEL DES ACHATS (PPA) 2026 | R1: ANNÉE | S1: 2026
A2: DIRECTION : | B2: TV LAAYOUNE | D2: Onglet : | E2: Contrat de production
A3: N° | B3: Type de support d'engagement * | C3: Objet (le plus détaillé possible) * | D3: Nature de la prestation * | E3: Rubrique budgétaire / Intitulé | F3: Budget prévisionnel TTC (MAD) * | G3: Nature du budget * | H3: Mode de passation * | I3: Trimestre de lancement * | J3: Durée d'exécution | K3: Lieu d'exécution | L3: PME (marché réservé) | M3: Justification du besoin * | N3: Nb de programmes / prestations | O3: Fréquence de diffusion | P3: Durée de l'épisode (mn) | Q3: Type de production | R3: Nb d'épisodes | S3: Budget TTC par épisode (MAD)
A4: =IF($C4="","",COUNTA($C$4:$C4)) | B4: =IF($C4="","","Contrat de production")
A5: =IF($C5="","",COUNTA($C$4:$C5)) | B5: =IF($C5="","","Contrat de production")
A6: =IF($C6="","",COUNTA($C$4:$C6)) | B6: =IF($C6="","","Contrat de production")
A7: =IF($C7="","",COUNTA($C$4:$C7)) | B7: =IF($C7="","","Contrat de production")
A8: =IF($C8="","",COUNTA($C$4:$C8)) | B8: =IF($C8="","","Contrat de production")
A9: =IF($C9="","",COUNTA($C$4:$C9)) | B9: =IF($C9="","","Contrat de production")
A10: =IF($C10="","",COUNTA($C$4:$C10)) | B10: =IF($C10="","","Contrat de production")
A11: =IF($C11="","",COUNTA($C$4:$C11)) | B11: =IF($C11="","","Contrat de production")
A12: =IF($C12="","",COUNTA($C$4:$C12)) | B12: =IF($C12="","","Contrat de production")
A13: =IF($C13="","",COUNTA($C$4:$C13)) | B13: =IF($C13="","","Contrat de production")
A14: =IF($C14="","",COUNTA($C$4:$C14)) | B14: =IF($C14="","","Contrat de production")
A15: =IF($C15="","",COUNTA($C$4:$C15)) | B15: =IF($C15="","","Contrat de production")
... A253: =IF($C253="","",COUNTA($C$4:$C253)) | B253: =IF($C253="","","Contrat de production")

Sheet Guide
B2: PPA 2026 — NOTICE DE REMPLISSAGE
B4: 1. Remplir uniquement les 4 onglets : Marches / Bons de commande / Contrats-Conventions / Contrats prod.
B5: 2. Une ligne = un besoin. Commencer sous l'en-tête, sans laisser de ligne vide au milieu.
B6: 3. Colonnes marquées d'une * = obligatoires. Cellule rouge = obligatoire manquante ou montant non numérique.
B7: 4. Choisir dans les listes déroulantes (flèche à droite de la cellule). Ne pas taper une autre valeur.
B8: 5. Budget prévisionnel TTC : un nombre seul (ex : 120000). Pas d'espace, pas de 'MAD', pas de texte.
B9: 6. Trimestre de lancement = le trimestre où la PROCÉDURE est lancée (un seul). La durée va dans 'Durée d'exécution'.
B10: 7. 'Type de support d'engagement' et (pour BC / Contrats) 'Mode de passation' sont calculés automatiquement : ne pas y toucher.
B11: 8. Ne pas ajouter / supprimer / renommer de colonne ou d'onglet, ne pas créer de ligne de total : la consolidation est automatique.
B12: 9. Onglet 'Controle' : le STATUT doit afficher 'PRÊT À ENVOYER' avant de transmettre le fichier.
B13: 10. Conserver le nom du fichier : 'Canevas PPA 2026 - <DIRECTION>.xlsx'.
B15: Mot de passe de protection (déverrouillage exceptionnel) : PPA2026

Sheet Referentiels
A1: LST_Nature | B1: LST_NatureBudget | C1: LST_Mode | D1: LST_ModeProd | E1: LST_Trimestre | F1: LST_Duree | G1: LST_PME | H1: LST_Freq | I1: LST_TypeProd
A2: Travaux | B2: Investissement | C2: Appel d'offres ouvert | D2: Appel d'offres ouvert | E2: T1 | F2: Moins d'un an | G2: Oui | H2: Quotidienne | I2: Production interne
A3: Fournitures | B3: Fonctionnement | C3: Appel d'offres restreint | D3: Concours | E3: T2 | F3: Un an | G3: Non | H3: Hebdomadaire | I3: Production externe
A4: Services | C4: Appel d'offres avec présélection | D4: Marché négocié | E4: T3 | F4: Pluriannuel | H4: Bimensuelle | I4: Coproduction
A5: Études | C5: Concours | D5: Contrat de production | E5: T4 | F5: Marché-cadre | H5: Mensuelle | I5: Achat de droits / programme
C6: Marché négocié | D6: Achat de droits | H6: Ponctuelle
C7: Marché-cadre / reconductible | H7: En continu
