Workbook
Name LST_Nature: 'Referentiels'!$A$2:$A$5
Name LST_NatureBudget: 'Referentiels'!$B$2:$B$3
Name LST_Mode: 'Referentiels'!$C$2:$C$7
Name LST_ModeProd: 'Referentiels'!$D$2:$D$6
Name LST_Trimestre: 'Referentiels'!$E$2:$E$8
Name LST_PME: 'Referentiels'!$F$2:$F$3
Name LST_Freq: 'Referentiels'!$G$2:$G$7
Name LST_TypeProd: 'Referentiels'!$H$2:$H$5

Sheet Controle
B2: CONTRÔLE DE COHÉRENCE — PPA 2026 — TDF-SITES
B4: À vérifier AVANT envoi. Dans les onglets, une cellule ROUGE = information obligatoire manquante ou montant non numérique.
B6: Onglet | C6: Lignes saisies | D6: Total budget (MAD) | E6: Lignes incomplètes | F6: Montants non numériques
B7: Marches | C7: =COUNTA('Marches'!$C$5:$C$154) | D7: =SUM('Marches'!$F$5:$F$154) | E7: =SUMPRODUCT(('Marches'!$C$5:$C$154<>"")*(('Marches'!$D$5:$D$154="")+('Marches'!$G$5:$G$154="")+('Marches'!$H$5:$H$154="")+('Marches'!$I$5:$I$154="")+('Marches'!$M$5:$M$154="")>0)) | F7: =SUMPRODUCT(('Marches'!$C$5:$C$154<>"")*(NOT(ISNUMBER('Marches'!$F$5:$F$154)))*1)
B8: Bons de commande | C8: =COUNTA('Bons de commande'!$C$5:$C$154) | D8: =SUM('Bons de commande'!$F$5:$F$154) | E8: =SUMPRODUCT(('Bons de commande'!$C$5:$C$154<>"")*(('Bons de commande'!$D$5:$D$154="")+('Bons de commande'!$G$5:$G$154="")+('Bons de commande'!$H$5:$H$154="")+('Bons de commande'!$I$5:$I$154="")+('Bons de commande'!$M$5:$M$154="")>0)) | F8: =SUMPRODUCT(('Bons de commande'!$C$5:$C$154<>"")*(NOT(ISNUMBER('Bons de commande'!$F$5:$F$154)))*1)
B9: Contrats-Conventions | C9: =COUNTA('Contrats-Conventions'!$C$5:$C$154) | D9: =SUM('Contrats-Conventions'!$F$5:$F$154) | E9: =SUMPRODUCT(('Contrats-Conventions'!$C$5:$C$154<>"")*(('Contrats-Conventions'!$D$5:$D$154="")+('Contrats-Conventions'!$G$5:$G$154="")+('Contrats-Conventions'!$H$5:$H$154="")+('Contrats-Conventions'!$I$5:$I$154="")+('Contrats-Conventions'!$M$5:$M$154="")>0)) | F9: =SUMPRODUCT(('Contrats-Conventions'!$C$5:$C$154<>"")*(NOT(ISNUMBER('Contrats-Conventions'!$F$5:$F$154)))*1)
B10: TOTAL | C10: =SUM(C7:C9) | D10: =SUM(D7:D9) | E10: =SUM(E7:E9) | F10: =SUM(F7:F9)
B12: STATUT | C12: =IF(AND(E10=0,F10=0,C10>0),"PRÊT À ENVOYER","INCOMPLET — à corriger")

Sheet Marches
A1: PROGRAMME PRÉVISIONNEL DES ACHATS (PPA) 2026 | L1: ANNÉE | M1: 2026
A2: DIRECTION : | B2: TDF-SITES | D2: Onglet : | E2: Marché
A3: N° | B3: Type de support d'engagement * | C3: Objet (le plus détaillé possible) * | D3: Nature de la prestation * | E3: Rubrique budgétaire | F3: Budget prévisionnel TTC (MAD) * | G3: Nature du budget * | H3: Mode de passation * | I3: Trimestre de lancement * | J3: Durée d'exécution | K3: Lieu d'exécution | L3: PME (marché réservé) | M3: Justification du besoin * | N3: Statut ligne
A4: ex. | B4: Marché | C4: (EXEMPLE) Fourniture et installation de 5 onduleurs 10 kVA pour les sites de diffusion X et Y | D4: Fournitures | E4: Équipements de télédiffusion | F4: 480000 | G4: Investissement | H4: Appel d'offres ouvert | I4: T2 | J4: 8 mois | K4: MEGREZ, BOUKHOUALI | L4: Oui | M4: Renouvellement d'onduleurs en fin de vie pour sécuriser l'alimentation des émetteurs | N4: exemple
A5: =IF($C5="","",COUNTA($C$5:$C5)) | B5: Marché | N5: =IF($C5="","",IF(AND($D5<>"",ISNUMBER($F5),$G5<>"",$H5<>"",$I5<>"",$M5<>""),"✓","⚠"))
A6: =IF($C6="","",COUNTA($C$5:$C6)) | B6: Marché | N6: =IF($C6="","",IF(AND($D6<>"",ISNUMBER($F6),$G6<>"",$H6<>"",$I6<>"",$M6<>""),"✓","⚠"))
A7: =IF($C7="","",COUNTA($C$5:$C7)) | B7: Marché | N7: =IF($C7="","",IF(AND($D7<>"",ISNUMBER($F7),$G7<>"",$H7<>"",$I7<>"",$M7<>""),"✓","⚠"))
A8: =IF($C8="","",COUNTA($C$5:$C8)) | B8: Marché | N8: =IF($C8="","",IF(AND($D8<>"",ISNUMBER($F8),$G8<>"",$H8<>"",$I8<>"",$M8<>""),"✓","⚠"))
A9: =IF($C9="","",COUNTA($C$5:$C9)) | B9: Marché | N9: =IF($C9="","",IF(AND($D9<>"",ISNUMBER($F9),$G9<>"",$H9<>"",$I9<>"",$M9<>""),"✓","⚠"))
A10: =IF($C10="","",COUNTA($C$5:$C10)) | B10: Marché | N10: =IF($C10="","",IF(AND($D10<>"",ISNUMBER($F10),$G10<>"",$H10<>"",$I10<>"",$M10<>""),"✓","⚠"))
A11: =IF($C11="","",COUNTA($C$5:$C11)) | B11: Marché | N11: =IF($C11="","",IF(AND($D11<>"",ISNUMBER($F11),$G11<>"",$H11<>"",$I11<>"",$M11<>""),"✓","⚠"))
A12: =IF($C12="","",COUNTA($C$5:$C12)) | B12: Marché | N12: =IF($C12="","",IF(AND($D12<>"",ISNUMBER($F12),$G12<>"",$H12<>"",$I12<>"",$M12<>""),"✓","⚠"))
A13: =IF($C13="","",COUNTA($C$5:$C13)) | B13: Marché | N13: =IF($C13="","",IF(AND($D13<>"",ISNUMBER($F13),$G13<>"",$H13<>"",$I13<>"",$M13<>""),"✓","⚠"))
A14: =IF($C14="","",COUNTA($C$5:$C14)) | B14: Marché | N14: =IF($C14="","",IF(AND($D14<>"",ISNUMBER($F14),$G14<>"",$H14<>"",$I14<>"",$M14<>""),"✓","⚠"))
A15: =IF($C15="","",COUNTA($C$5:$C15)) | B15: Marché | N15: =IF($C15="","",IF(AND($D15<>"",ISNUMBER($F15),$G15<>"",$H15<>"",$I15<>"",$M15<>""),"✓","⚠"))
A16: =IF($C16="","",COUNTA($C$5:$C16)) | B16: Marché | N16: =IF($C16="","",IF(AND($D16<>"",ISNUMBER($F16),$G16<>"",$H16<>"",$I16<>"",$M16<>""),"✓","⚠"))
... A154: =IF($C154="","",COUNTA($C$5:$C154)) | B154: Marché | N154: =IF($C154="","",IF(AND($D154<>"",ISNUMBER($F154),$G154<>"",$H154<>"",$I154<>"",$M154<>""),"✓","⚠"))

Sheet Bons de commande
A1: PROGRAMME PRÉVISIONNEL DES ACHATS (PPA) 2026 | L1: ANNÉE | M1: 2026
A2: DIRECTION : | B2: TDF-SITES | D2: Onglet : | E2: Bon de commande
A3: N° | B3: Type de support d'engagement * | C3: Objet (le plus détaillé possible) * | D3: Nature de la prestation * | E3: Rubrique budgétaire | F3: Budget prévisionnel TTC (MAD) * | G3: Nature du budget * | H3: Mode de passation * | I3: Trimestre de lancement * | J3: Durée d'exécution | K3: Lieu d'exécution | L3: PME (marché réservé) | M3: Justification du besoin * | N3: Statut ligne
A4: ex. | B4: Bon de commande | C4: (EXEMPLE) Achat de pièces de rechange électriques pour la maintenance des groupes électrogènes | D4: Fournitures | E4: Entretien, réparation et assurance | F4: 90000 | G4: Fonctionnement | H4: Bon de commande | I4: T1-T2 | J4: Année | K4: Magasin Témara | L4: Oui | M4: Maintenance préventive et curative des installations électriques des sites | N4: exemple
A5: =IF($C5="","",COUNTA($C$5:$C5)) | B5: Bon de commande | H5: Bon de commande | N5: =IF($C5="","",IF(AND($D5<>"",ISNUMBER($F5),$G5<>"",$H5<>"",$I5<>"",$M5<>""),"✓","⚠"))
A6: =IF($C6="","",COUNTA($C$5:$C6)) | B6: Bon de commande | H6: Bon de commande | N6: =IF($C6="","",IF(AND($D6<>"",ISNUMBER($F6),$G6<>"",$H6<>"",$I6<>"",$M6<>""),"✓","⚠"))
A7: =IF($C7="","",COUNTA($C$5:$C7)) | B7: Bon de commande | H7: Bon de commande | N7: =IF($C7="","",IF(AND($D7<>"",ISNUMBER($F7),$G7<>"",$H7<>"",$I7<>"",$M7<>""),"✓","⚠"))
A8: =IF($C8="","",COUNTA($C$5:$C8)) | B8: Bon de commande | H8: Bon de commande | N8: =IF($C8="","",IF(AND($D8<>"",ISNUMBER($F8),$G8<>"",$H8<>"",$I8<>"",$M8<>""),"✓","⚠"))
A9: =IF($C9="","",COUNTA($C$5:$C9)) | B9: Bon de commande | H9: Bon de commande | N9: =IF($C9="","",IF(AND($D9<>"",ISNUMBER($F9),$G9<>"",$H9<>"",$I9<>"",$M9<>""),"✓","⚠"))
A10: =IF($C10="","",COUNTA($C$5:$C10)) | B10: Bon de commande | H10: Bon de commande | N10: =IF($C10="","",IF(AND($D10<>"",ISNUMBER($F10),$G10<>"",$H10<>"",$I10<>"",$M10<>""),"✓","⚠"))
A11: =IF($C11="","",COUNTA($C$5:$C11)) | B11: Bon de commande | H11: Bon de commande | N11: =IF($C11="","",IF(AND($D11<>"",ISNUMBER($F11),$G11<>"",$H11<>"",$I11<>"",$M11<>""),"✓","⚠"))
A12: =IF($C12="","",COUNTA($C$5:$C12)) | B12: Bon de commande | H12: Bon de commande | N12: =IF($C12="","",IF(AND($D12<>"",ISNUMBER($F12),$G12<>"",$H12<>"",$I12<>"",$M12<>""),"✓","⚠"))
A13: =IF($C13="","",COUNTA($C$5:$C13)) | B13: Bon de commande | H13: Bon de commande | N13: =IF($C13="","",IF(AND($D13<>"",ISNUMBER($F13),$G13<>"",$H13<>"",$I13<>"",$M13<>""),"✓","⚠"))
A14: =IF($C14="","",COUNTA($C$5:$C14)) | B14: Bon de commande | H14: Bon de commande | N14: =IF($C14="","",IF(AND($D14<>"",ISNUMBER($F14),$G14<>"",$H14<>"",$I14<>"",$M14<>""),"✓","⚠"))
A15: =IF($C15="","",COUNTA($C$5:$C15)) | B15: Bon de commande | H15: Bon de commande | N15: =IF($C15="","",IF(AND($D15<>"",ISNUMBER($F15),$G15<>"",$H15<>"",$I15<>"",$M15<>""),"✓","⚠"))
A16: =IF($C16="","",COUNTA($C$5:$C16)) | B16: Bon de commande | H16: Bon de commande | N16: =IF($C16="","",IF(AND($D16<>"",ISNUMBER($F16),$G16<>"",$H16<>"",$I16<>"",$M16<>""),"✓","⚠"))
... A154: =IF($C154="","",COUNTA($C$5:$C154)) | B154: Bon de commande | H154: Bon de commande | N154: =IF($C154="","",IF(AND($D154<>"",ISNUMBER($F154),$G154<>"",$H154<>"",$I154<>"",$M154<>""),"✓","⚠"))

Sheet Contrats-Conventions
A1: PROGRAMME PRÉVISIONNEL DES ACHATS (PPA) 2026 | L1: ANNÉE | M1: 2026
A2: DIRECTION : | B2: TDF-SITES | D2: Onglet : | E2: Contrat ou convention de droit commun
A3: N° | B3: Type de support d'engagement * | C3: Objet (le plus détaillé possible) * | D3: Nature de la prestation * | E3: Rubrique budgétaire | F3: Budget prévisionnel TTC (MAD) * | G3: Nature du budget * | H3: Mode de passation * | I3: Trimestre de lancement * | J3: Durée d'exécution | K3: Lieu d'exécution | L3: PME (marché réservé) | M3: Justification du besoin * | N3: Statut ligne
A4: ex. | B4: Contrat ou convention de droit commun | C4: (EXEMPLE) Reconduction du contrat de maintenance de la plateforme de supervision réseau | D4: Services | E4: Entretien, réparation et assurance | F4: 240000 | G4: Fonctionnement | H4: Contrat ou convention de droit commun | I4: T1 | J4: 3 ans | K4: Rabat | L4: Non | M4: Reconduction du contrat n°91/2023 pour assurer la continuité de la supervision | N4: exemple
A5: =IF($C5="","",COUNTA($C$5:$C5)) | B5: Contrat ou convention de droit commun | H5: Contrat ou convention de droit commun | N5: =IF($C5="","",IF(AND($D5<>"",ISNUMBER($F5),$G5<>"",$H5<>"",$I5<>"",$M5<>""),"✓","⚠"))
A6: =IF($C6="","",COUNTA($C$5:$C6)) | B6: Contrat ou convention de droit commun | H6: Contrat ou convention de droit commun | N6: =IF($C6="","",IF(AND($D6<>"",ISNUMBER($F6),$G6<>"",$H6<>"",$I6<>"",$M6<>""),"✓","⚠"))
A7: =IF($C7="","",COUNTA($C$5:$C7)) | B7: Contrat ou convention de droit commun | H7: Contrat ou convention de droit commun | N7: =IF($C7="","",IF(AND($D7<>"",ISNUMBER($F7),$G7<>"",$H7<>"",$I7<>"",$M7<>""),"✓","⚠"))
A8: =IF($C8="","",COUNTA($C$5:$C8)) | B8: Contrat ou convention de droit commun | H8: Contrat ou convention de droit commun | N8: =IF($C8="","",IF(AND($D8<>"",ISNUMBER($F8),$G8<>"",$H8<>"",$I8<>"",$M8<>""),"✓","⚠"))
A9: =IF($C9="","",COUNTA($C$5:$C9)) | B9: Contrat ou convention de droit commun | H9: Contrat ou convention de droit commun | N9: =IF($C9="","",IF(AND($D9<>"",ISNUMBER($F9),$G9<>"",$H9<>"",$I9<>"",$M9<>""),"✓","⚠"))
A10: =IF($C10="","",COUNTA($C$5:$C10)) | B10: Contrat ou convention de droit commun | H10: Contrat ou convention de droit commun | N10: =IF($C10="","",IF(AND($D10<>"",ISNUMBER($F10),$G10<>"",$H10<>"",$I10<>"",$M10<>""),"✓","⚠"))
A11: =IF($C11="","",COUNTA($C$5:$C11)) | B11: Contrat ou convention de droit commun | H11: Contrat ou convention de droit commun | N11: =IF($C11="","",IF(AND($D11<>"",ISNUMBER($F11),$G11<>"",$H11<>"",$I11<>"",$M11<>""),"✓","⚠"))
A12: =IF($C12="","",COUNTA($C$5:$C12)) | B12: Contrat ou convention de droit commun | H12: Contrat ou convention de droit commun | N12: =IF($C12="","",IF(AND($D12<>"",ISNUMBER($F12),$G12<>"",$H12<>"",$I12<>"",$M12<>""),"✓","⚠"))
A13: =IF($C13="","",COUNTA($C$5:$C13)) | B13: Contrat ou convention de droit commun | H13: Contrat ou convention de droit commun | N13: =IF($C13="","",IF(AND($D13<>"",ISNUMBER($F13),$G13<>"",$H13<>"",$I13<>"",$M13<>""),"✓","⚠"))
A14: =IF($C14="","",COUNTA($C$5:$C14)) | B14: Contrat ou convention de droit commun | H14: Contrat ou convention de droit commun | N14: =IF($C14="","",IF(AND($D14<>"",ISNUMBER($F14),$G14<>"",$H14<>"",$I14<>"",$M14<>""),"✓","⚠"))
A15: =IF($C15="","",COUNTA($C$5:$C15)) | B15: Contrat ou convention de droit commun | H15: Contrat ou convention de droit commun | N15: =IF($C15="","",IF(AND($D15<>"",ISNUMBER($F15),$G15<>"",$H15<>"",$I15<>"",$M15<>""),"✓","⚠"))
A16: =IF($C16="","",COUNTA($C$5:$C16)) | B16: Contrat ou convention de droit commun | H16: Contrat ou convention de droit commun | N16: =IF($C16="","",IF(AND($D16<>"",ISNUMBER($F16),$G16<>"",$H16<>"",$I16<>"",$M16<>""),"✓","⚠"))
... A154: =IF($C154="","",COUNTA($C$5:$C154)) | B154: Contrat ou convention de droit commun | H154: Contrat ou convention de droit commun | N154: =IF($C154="","",IF(AND($D154<>"",ISNUMBER($F154),$G154<>"",$H154<>"",$I154<>"",$M154<>""),"✓","⚠"))

Sheet Guide
B2: PPA 2026 — NOTICE DE REMPLISSAGE
B4: 1. Remplir uniquement les onglets de saisie : Marches / Bons de commande / Contrats-Conventions.
B5: 2. La 1re ligne (jaune, « ex. ») est un EXEMPLE : ne pas y toucher. Commencer à la ligne juste en dessous.
B6: 3. Une ligne = un besoin. Ne pas laisser de ligne vide au milieu.
B7: 4. Cliquer une cellule affiche une bulle d'aide (quoi mettre, format attendu).
B8: 5. Colonnes marquées d'une * = obligatoires. Cellule rouge = obligatoire manquante ou montant non numérique.
B9: 6. Colonne « Statut ligne » (à droite) : ✓ = ligne complète, ⚠ = il manque quelque chose.
B10: 7. Choisir dans les listes déroulantes (flèche à droite de la cellule). Ne pas taper une autre valeur.
B11: 8. Budget prévisionnel TTC : un nombre seul (ex : 120000). Pas d'espace, pas de 'MAD', pas de texte.
B12: 9. Trimestre de lancement = le trimestre où la PROCÉDURE est lancée. Besoin étalé : T1-T2 / T3-T4 / Annuel.
B13: 10. 'Type de support d'engagement' et (pour BC / Contrats) 'Mode de passation' sont remplis d'office : ne pas y toucher.
B14: 11. Ne pas ajouter / supprimer / renommer de colonne ou d'onglet, ne pas créer de ligne de total : la consolidation est automatique.
... B18: Mot de passe de protection (déverrouillage exceptionnel) : PPA2026

Sheet Referentiels
A1: LST_Nature | B1: LST_NatureBudget | C1: LST_Mode | D1: LST_ModeProd | E1: LST_Trimestre | F1: LST_PME | G1: LST_Freq | H1: LST_TypeProd
A2: Travaux | B2: Investissement | C2: Appel d'offres ouvert | D2: Appel d'offres ouvert | E2: T1 | F2: Oui | G2: Quotidienne | H2: Production interne
A3: Fournitures | B3: Fonctionnement | C3: Appel d'offres restreint | D3: Concours | E3: T2 | F3: Non | G3: Hebdomadaire | H3: Production externe
A4: Services | C4: Appel d'offres avec présélection | D4: Marché négocié | E4: T3 | G4: Bimensuelle | H4: Coproduction
A5: Études | C5: Concours | D5: Contrat de production | E5: T4 | G5: Mensuelle | H5: Achat de droits / programme
C6: Marché négocié | D6: Achat de droits | E6: T1-T2 | G6: Ponctuelle
C7: Marché-cadre / reconductible | E7: T3-T4 | G7: En continu
E8: Annuel (T1 à T4)
